{"train_loss": [7.53729981642503, 7.359508404364953, 7.262744793525109, 7.163186990297758, 7.066195267897386, 6.975916312291072, 6.88671350479126, 6.793227379138653, 6.7191571822533245, 6.620769904210017, 6.5577024313119745, 6.4681022350604715, 6.377004219935491, 6.295699999882625, 6.230074185591477, 6.145921156956599, 6.077984002920298, 6.0067991476792555, 5.937222150655893, 5.866700209104097, 5.8139824500450725, 5.748088359832764, 5.695353177877573, 5.632631008441631, 5.572579420529879, 5.525192077343281, 5.473003240732046, 5.422903537750244, 5.376099733205942, 5.3275227546691895, 5.292170084439791, 5.249365476461557, 5.203645412738506, 5.178929952474741, 5.141640663146973, 5.102546105018029, 5.0701470375061035, 5.033206646259014, 5.000535781566914, 4.971756825080285, 4.942775836357703, 4.903930847461407, 4.869855770697961, 4.852960366469163, 4.8100434083205, 4.788711144373967, 4.764077480022724, 4.729198199052077, 4.7013061963594875, 4.6636828275827265, 4.636253760411189, 4.614844578963059, 4.582952646108774, 4.5704324795649605, 4.5335798630347615, 4.500666655026949, 4.476026314955491, 4.451597250424898, 4.42232007246751, 4.398179457737849, 4.374571378414448, 4.354591919825627, 4.332258261167086, 4.306253616626446, 4.260821966024546, 4.234026358677791, 4.220766415962806, 4.193877696990967, 4.16647351705111, 4.145601676060603, 4.109538206687341, 4.091410031685462, 4.061836976271409, 4.059270583666288, 4.019746486957256, 4.002802702096792, 3.9707535963792067, 3.96006807914147, 3.934008635007418, 3.9246238745175877, 3.884571387217595, 3.8585020762223463, 3.8423045048346887, 3.809097400078407, 3.7881718232081485, 3.762339481940636, 3.764153920687162, 3.7286800421201267, 3.711261565868671, 3.688376573415903, 3.656827138020442, 3.6498064811413107, 3.627511061154879, 3.5934929847717285, 3.5772135991316576, 3.5671781393197866, 3.530621895423302, 3.52588020838224, 3.50548845071059, 3.4796918905698337], "val_loss": [7.417450024531438, 7.281031461862417, 7.167328834533691, 7.064741134643555, 6.968285854046162, 6.87703382051908, 6.786225575667161, 6.702629346113938, 6.614364734062781, 6.53178281050462, 6.451749874995305, 6.371333305652325, 6.292560540712797, 6.218379130730262, 6.146185251382681, 6.075286755195031, 6.005384408510649, 5.9415412315955525, 5.8763556113609905, 5.8150350497319145, 5.757176069112925, 5.701468064234807, 5.6528042279756985, 5.596449338472807, 5.555151352515588, 5.5047012109022875, 5.4628956868098335, 5.419109894679143, 5.380352680499737, 5.347423700185923, 5.304364351125864, 5.277512146876409, 5.2458469317509575, 5.212333642519438, 5.184865071223332, 5.1562042603125935, 5.129084000220666, 5.100610402914194, 5.088336981259859, 5.055188179016113, 5.034363966721755, 5.0094128755422735, 4.989832658034104, 4.968900717221773, 4.948348632225623, 4.931603505061223, 4.906718327448918, 4.884519870464619, 4.865579311664288, 4.849180845113901, 4.821203341850867, 4.808567267197829, 4.790778086735652, 4.771611470442552, 4.7448440331679125, 4.731448613680326, 4.720048867739164, 4.6948263094975395, 4.684824576744666, 4.6679902443519, 4.651346976940449, 4.640914256756123, 4.617899601276104, 4.5995432413541355, 4.584267799670879, 4.578760403853196, 4.55285567503709, 4.541491215045635, 4.531522090618427, 4.506359100341797, 4.493239476130559, 4.4845092846797066, 4.468920671022856, 4.465280239398663, 4.4408589876615086, 4.429278006920447, 4.417218281672551, 4.424595355987549, 4.399108960078313, 4.383310904869666, 4.380918539487398, 4.341883989480825, 4.352058777442346, 4.3245104643014765, 4.316404269291804, 4.303770725543682, 4.287213949056772, 4.275780531076284, 4.278871866372915, 4.252309065598708, 4.241039862999549, 4.2430094205416164, 4.203279972076416, 4.231122860541711, 4.200331761286809, 4.1872809666853685, 4.174103296720064, 4.160504762942974, 4.158177870970506, 4.131030706258921], "val_WER": 1.0}