{"train_loss": [6.932595287050519, 6.471482941082546, 6.224775961467198, 6.030193856784275, 5.861942836216518, 5.685748253549848, 5.503579837935312, 5.314746277672904, 5.134090457643781, 4.956661948135921, 4.778091439179012, 4.61959718806403, 4.474281711237771, 4.316959934575217, 4.161244639328548, 4.031869190079825, 3.8641402465956554, 3.7273403320993697, 3.5873246022633145, 3.436870834657124, 3.3041519735540663, 3.185788712331227, 3.049563854932785, 2.9503949880599976, 2.816195236785071, 2.7056695180279866, 2.5929875331265584, 2.4831573324544087, 2.3832094222307205, 2.2845545538834164, 2.172381673540388, 2.0869916741337096, 1.9739951980965478, 1.87943563078131, 1.791142966066088, 1.7011053221566337, 1.6069918551615305, 1.5248101885829652, 1.440009584384305, 1.3676283678838186, 1.2928200864366122, 1.2287859778319086, 1.1497849726251193, 1.0734373389610223, 1.0093642404036862, 0.9450231072093759, 0.884986475110054, 0.8299134059676102, 0.7754044522132192, 0.7221014773739236, 0.6742860901036433, 0.6224082881318671, 0.5747015766267266, 0.534884235422526, 0.501651761255094, 0.45818418690136503, 0.4203260691304292, 0.3879212419103299, 0.3543065097182989, 0.32792104354926516, 0.30184858704784084, 0.27357575204223394, 0.25000896976728526, 0.2275442400548075, 0.20963542289765819, 0.19092089815863542, 0.17876451063369, 0.16091048611061914, 0.1462965452644442, 0.12972010193126543, 0.11712018706436668, 0.10801990320240813, 0.1005263111021902, 0.09257783760715808, 0.08233200213206666, 0.07471930471781109, 0.06874380822825644, 0.06353022642101028, 0.060427228304823596, 0.05319649258828057, 0.04773914285137185, 0.043876181256824305, 0.03991208775966827, 0.03622189872632069, 0.0332172892854682, 0.032734261343388686, 0.027292532846331596, 0.02561090695339122, 0.025025538468201245, 0.022308380659004406, 0.021349049031934037, 0.018269095245549188, 0.017599103672962104, 0.015678178061664636, 0.014167842954131109, 0.012700646246750174, 0.011729706860413509, 0.011076558285692175, 0.012486547709808551, 0.011559935985133052], "val_loss": [6.646928787231445, 6.59354567527771, 6.559421420097351, 6.608144283294678, 6.630883812904358, 6.672005772590637, 6.7074772119522095, 6.688369870185852, 6.674681544303894, 6.690621733665466, 6.746208190917969, 6.720544695854187, 6.713301062583923, 6.875556588172913, 6.8178815841674805, 6.9619140625, 7.073085188865662, 7.022082448005676, 6.957646489143372, 6.990736365318298, 6.920122981071472, 6.922849416732788, 7.005695104598999, 7.080474138259888, 7.059936046600342, 7.067964315414429, 7.194001197814941, 7.342474341392517, 7.494362115859985, 7.35132372379303, 7.282812476158142, 7.178726315498352, 7.231354355812073, 7.315128326416016, 7.4937673807144165, 7.467573165893555, 7.476604342460632, 7.378549098968506, 7.4454216957092285, 7.554118394851685, 7.606598854064941, 7.492919445037842, 7.437994360923767, 7.422252416610718, 7.535648822784424, 7.657162427902222, 7.786339163780212, 7.642225384712219, 7.707073330879211, 7.613841652870178, 7.636284947395325, 7.705979585647583, 7.8915404081344604, 7.931018352508545, 7.762359261512756, 7.790016412734985, 7.891251921653748, 7.958984375, 7.9422489404678345, 8.039349913597107, 7.837243914604187, 8.014402031898499, 8.012391209602356, 8.01536762714386, 8.073670268058777, 8.12567937374115, 8.158282160758972, 8.393482565879822, 8.27265977859497, 8.293538212776184, 8.313585996627808, 8.318238258361816, 8.32986295223236, 8.414971113204956, 8.309707880020142, 8.454574823379517, 8.418768405914307, 8.557098627090454, 8.508143544197083, 8.614310622215271, 8.607838749885559, 8.605307221412659, 8.58064866065979, 8.780308485031128, 8.699688911437988, 8.955751419067383, 8.853538513183594, 8.912413835525513, 8.974459648132324, 8.905108213424683, 8.988969802856445, 9.036760091781616, 9.046242952346802, 8.915956497192383, 9.060573101043701, 9.050209999084473, 9.207025051116943, 9.188401699066162, 9.171598434448242, 9.248147249221802], "val_WER": [0.8497704985986236, 0.8497704985986236, 0.8249565105033855, 0.8460130581224331, 0.8359870164557665, 0.8423114212176711, 0.8478297743922744, 0.8209814924658675, 0.8146415867118992, 0.8032232741217117, 0.7871828475344101, 0.8100127086455212, 0.799087609439172, 0.8444621134074259, 0.820419511044511, 0.8049777045870796, 0.8076689586455211, 0.8127969686563437, 0.8150291115134866, 0.8114297811563437, 0.8078025490134865, 0.8161513833388834, 0.8209225886960263, 0.8140246472277722, 0.8237378506909757, 0.8142199597277723, 0.8204327573468199, 0.832170108537296, 0.827832930957931, 0.8264657434579309, 0.8152402068417693, 0.8310450183497059, 0.8498939428626928, 0.847404483537296, 0.8322879160769786, 0.8739917851245976, 0.872981120442058, 0.8379367594211344, 0.8547336344211344, 0.8757309964341216, 0.8748753416722166, 0.8475129904817404, 0.8362843536671661, 0.8688739212176713, 0.835264106553169, 0.8622358327436451, 0.8483534260878011, 0.8626239212176713, 0.8578865362068487, 0.8448876860986235, 0.8549230283605284, 0.8347314360986235, 0.8591142147782773, 0.8452377266830392, 0.8610614212176713, 0.8492496652652902, 0.8782582218129094, 0.8511681244103119, 0.8508028646700522, 0.8333267643814519, 0.8739796661671663, 0.8553353547494172, 0.8613590402652903, 0.8854315172674547, 0.8572879160769785, 0.8577690105033854, 0.8677888517732267, 0.8603359747890997, 0.8549695313367188, 0.8551307416541791, 0.9176648438367188, 0.8395057416541791, 0.8626177208208458, 0.8426648438367188, 0.8472965402652902, 0.8492589658605284, 0.8442273438367188, 0.8576667039557664, 0.8437065105033855, 0.8595513427544678, 0.8651350819319569, 0.8622549976065601, 0.8597407366938616, 0.8715677118020867, 0.8518747745310244, 0.8525665957306582, 0.8768533549783549, 0.889517665494228, 0.9205227498196248, 0.9326140005827506, 0.8519747396700521, 0.8662511533605283, 0.864753757527195, 0.8540673735986235, 0.867683445027195, 0.8623449033605283, 0.8665766741938616, 0.858900301087801, 0.862995945027195, 0.8968935144716395]}