{"train_loss": [6.870613166264126, 6.458989296640668, 6.231304339000157, 6.049295936311994, 5.883576563426426, 5.702909418514797, 5.518622466496059, 5.327186942100525, 5.142490208148956, 4.969937579972403, 4.797740135874067, 4.644210636615753, 4.476778175149645, 4.3528399382318765, 4.179589790957315, 4.028102670397077, 3.8814082060541426, 3.7583503467696056, 3.6010696377073015, 3.4785128193242207, 3.3447128406592777, 3.222570619412831, 3.090617550270898, 2.9625886721270427, 2.8466156337942397, 2.7283527680805753, 2.6232939192226956, 2.5022911514554704, 2.3910189398697446, 2.300802441579955, 2.2030651909964427, 2.1005339792796542, 2.0055008211306165, 1.9040550312825613, 1.8086953950779778, 1.723498895764351, 1.6377784290484019, 1.5505252565656389, 1.4660885110497475, 1.396389901638031, 1.3138119216476167, 1.2450869881681033, 1.1685235628059931, 1.1047632726175445, 1.0381521529385023, 0.9689486473798752, 0.8994482904672623, 0.843558074108192, 0.79039862166558, 0.7316569249544825, 0.68482928004648, 0.6438633397753749, 0.5922745593956539, 0.5477165156709296, 0.5122582180691617, 0.46969177946448326, 0.4325251585936972, 0.40028614377869026, 0.367424616191004, 0.3406825549900532, 0.31154298902090105, 0.2853134931730373, 0.2599589525322829, 0.2400197240390948, 0.21764637955597468, 0.20469201243083393, 0.183979298387255, 0.16975515588585818, 0.1551999918717359, 0.14274965911837562, 0.12621471179383142, 0.11588652970801507, 0.10601450349869472, 0.09609143635524171, 0.08889414360081511, 0.08244229626974889, 0.0732782499066421, 0.06587737113503474, 0.06107341095672122, 0.05724404669100685, 0.0499805169778743, 0.04621822019440255, 0.044685410585121384, 0.040145280837480514, 0.037583662679285874, 0.03205784340389073, 0.030623311642557383, 0.029204514068883976, 0.025128839620655135, 0.023395004890127375, 0.022999430399587645, 0.020650686488287256, 0.019767834730113724, 0.018244574212336113, 0.016793704101084068, 0.015536433277052961, 0.014134045224636793, 0.012564796867081895, 0.012512587331002578, 0.01128612006764992], "val_loss": [6.61824369430542, 6.569125175476074, 6.51978063583374, 6.5540443658828735, 6.56508994102478, 6.561540484428406, 6.5824244022369385, 6.599259257316589, 6.625957727432251, 6.63491690158844, 6.685011863708496, 6.681315064430237, 6.7786442041397095, 6.805627703666687, 6.723388195037842, 6.687905550003052, 6.669720530509949, 6.799617886543274, 6.800013780593872, 6.939109802246094, 6.991530895233154, 7.113605380058289, 6.988372802734375, 6.900079846382141, 6.901136159896851, 7.003633260726929, 7.110698699951172, 7.118288159370422, 7.234302520751953, 7.201132535934448, 7.314236640930176, 7.159462094306946, 7.2221440076828, 7.162560701370239, 7.186176538467407, 7.176659345626831, 7.342061996459961, 7.435862183570862, 7.630603671073914, 7.448383569717407, 7.374494910240173, 7.356070637702942, 7.4725728034973145, 7.657944321632385, 7.693417191505432, 7.491217494010925, 7.577570796012878, 7.762577176094055, 7.557078242301941, 7.616376996040344, 7.7086182832717896, 7.594549894332886, 7.779289960861206, 7.926635265350342, 7.818080306053162, 7.847001433372498, 7.7907809019088745, 7.825193285942078, 8.036057949066162, 7.981503486633301, 8.046478867530823, 7.923844814300537, 8.014418125152588, 7.943920254707336, 8.105446934700012, 8.16832971572876, 8.054461598396301, 8.15974235534668, 8.162728071212769, 8.233680009841919, 8.144876480102539, 8.128473997116089, 8.326104640960693, 8.081469297409058, 8.341378688812256, 8.37375020980835, 8.244160532951355, 8.284321546554565, 8.39110803604126, 8.518322229385376, 8.308521270751953, 8.30880320072174, 8.498812437057495, 8.441678047180176, 8.58841848373413, 8.474154233932495, 8.596507787704468, 8.613829612731934, 8.779783010482788, 8.509127140045166, 8.841665744781494, 8.654511213302612, 8.861639976501465, 8.787262916564941, 8.862433910369873, 9.111630201339722, 8.810059309005737, 9.003933668136597, 8.85443115234375, 9.011198043823242], "val_WER": [0.8416480654761904, 0.8416480654761904, 0.8299352340367965, 0.8172427398989899, 0.8157546446608948, 0.8189382665945166, 0.8101153837481962, 0.8185696248196248, 0.8272107233044734, 0.8173016436688312, 0.8046990552849929, 0.7986601506132757, 0.7875645404942281, 0.8114050662878789, 0.7973146645021646, 0.8021239177489177, 0.7947922303391053, 0.8182472041847042, 0.8066180781024532, 0.8260842239357864, 0.8242925910894661, 0.8170260078463203, 0.8296897546897546, 0.8291348191738817, 0.8243644593253968, 0.8206194196428571, 0.8188207408910533, 0.8240107548701299, 0.8300220395923521, 0.8319131606240981, 0.8320250496031746, 0.8384362599206349, 0.82161176497114, 0.8415711241883117, 0.8386873759920634, 0.8413625653860028, 0.8304225288600289, 0.8344240395021645, 0.8410133703102454, 0.8385611133658009, 0.8268916847041847, 0.8432908887987012, 0.8478171784812409, 0.8607295048701299, 0.8312686011904762, 0.8640963203463203, 0.8601283482142857, 0.8386603197150072, 0.8525492086038962, 0.8356925843253968, 0.8287861877705628, 0.834273538961039, 0.8593944466991343, 0.8395376758658009, 0.8501271081349207, 0.8349710836038962, 0.8480654761904762, 0.8356305803571429, 0.8628534226190476, 0.8519717261904761, 0.8319018871753247, 0.8407738095238095, 0.855859375, 0.8410993303571428, 0.8456101190476191, 0.8585565476190476, 0.8544279288419914, 0.8630828373015873, 0.8528924851190476, 0.8500651041666667, 0.8516563514610389, 0.8384300595238094, 0.8466424851190477, 0.8398631966991342, 0.8527445211038961, 0.8521763392857142, 0.8545634920634919, 0.8473749774531025, 0.8445103941197691, 0.8477966044372295, 0.8498582363816739, 0.845796976461039, 0.8582132711038961, 0.8677362351190476, 0.874897693452381, 0.8859188988095238, 0.8420767383658009, 0.8616598462301588, 0.8868117559523809, 0.8689988613816738, 0.8818553841991343, 0.8673278544372295, 0.877046130952381, 0.8520058283730159, 0.8505301339285714, 0.8717633928571429, 0.8575706845238096, 0.858399283008658, 0.8646585836038961, 0.9074497767857144]}