{"0_mocha-1": {"train_loss": [7.538927793502808, 7.094860076904297, 6.854609966278076, 6.7059056758880615, 6.610383749008179, 6.526951313018799, 6.4573376178741455, 6.354482412338257, 6.297280311584473, 6.223246812820435, 6.155503988265991, 6.097240924835205, 6.015456438064575, 5.969771146774292, 5.871579170227051, 5.781067371368408, 5.709632635116577, 5.648946285247803, 5.562159299850464, 5.487241983413696, 5.406559944152832, 5.3211350440979, 5.269537925720215, 5.163949966430664, 5.0880632400512695, 5.024233341217041, 4.9218363761901855, 4.8448052406311035, 4.767138242721558, 4.686036586761475, 4.6225807666778564, 4.532554626464844, 4.480480432510376, 4.397542238235474, 4.2998223304748535, 4.223846435546875, 4.189484000205994, 4.13723886013031, 4.047635316848755, 3.987779378890991, 3.91692852973938, 3.874994397163391, 3.832505226135254, 3.7615023851394653, 3.6798441410064697, 3.6602171659469604, 3.566514730453491, 3.5008448362350464, 3.428800106048584, 3.4016001224517822, 3.351831078529358, 3.28252911567688, 3.202589750289917, 3.1915887594223022, 3.1476036310195923, 3.0788885354995728, 3.0252344608306885, 2.9789886474609375, 2.9175620079040527, 2.8725223541259766, 2.8153733015060425, 2.7760238647460938, 2.730159878730774, 2.688337802886963, 2.6629974842071533, 2.5692633390426636, 2.5398260354995728, 2.5110270977020264, 2.438811421394348, 2.4059354662895203, 2.353001058101654, 2.312183201313019, 2.2930322885513306, 2.2571624517440796, 2.2086586952209473, 2.188693046569824, 2.158231556415558, 2.096586763858795, 2.044394373893738, 2.039154052734375, 1.961962103843689, 1.95406973361969, 1.9393573999404907, 1.8749940991401672, 1.846210539340973, 1.8070772290229797, 1.7792224287986755, 1.7399696707725525, 1.7000282406806946, 1.6779897809028625, 1.6443206667900085, 1.6223447918891907, 1.5659963488578796, 1.5570323467254639, 1.5237599611282349, 1.4838293194770813, 1.472195327281952, 1.4471127390861511, 1.393389344215393, 1.3787692189216614], "val_loss": [7.06019926071167, 6.875316143035889, 6.793451309204102, 6.746249198913574, 6.716432094573975, 6.692320346832275, 6.671819686889648, 6.654656171798706, 6.640603303909302, 6.631063938140869, 6.625680923461914, 6.622182369232178, 6.6172590255737305, 6.6088550090789795, 6.5987913608551025, 6.589579105377197, 6.581751585006714, 6.57502007484436, 6.57087779045105, 6.571920871734619, 6.572881698608398, 6.5656116008758545, 6.557158708572388, 6.556086540222168, 6.54876708984375, 6.541313886642456, 6.53855562210083, 6.544443368911743, 6.53611159324646, 6.521677494049072, 6.531787395477295, 6.524521827697754, 6.520559310913086, 6.541792631149292, 6.520547389984131, 6.50623631477356, 6.523143529891968, 6.553918838500977, 6.538305044174194, 6.543997049331665, 6.5479185581207275, 6.554757356643677, 6.53880763053894, 6.55311131477356, 6.548640966415405, 6.5544068813323975, 6.591870069503784, 6.581279277801514, 6.548314809799194, 6.571455001831055, 6.589556694030762, 6.5798020362854, 6.594920635223389, 6.605798006057739, 6.59221339225769, 6.610222816467285, 6.596709251403809, 6.623762130737305, 6.6304590702056885, 6.592947483062744, 6.609003782272339, 6.63513970375061, 6.616092681884766, 6.633809566497803, 6.660115957260132, 6.636611223220825, 6.634511947631836, 6.67459511756897, 6.674319267272949, 6.663351535797119, 6.6891584396362305, 6.7064409255981445, 6.678595781326294, 6.689514636993408, 6.695863246917725, 6.709442377090454, 6.738684177398682, 6.729316473007202, 6.724491834640503, 6.7153449058532715, 6.72546124458313, 6.742927551269531, 6.752396583557129, 6.73915958404541, 6.758334636688232, 6.767973184585571, 6.75566291809082, 6.780714273452759, 6.7633984088897705, 6.769155263900757, 6.816157817840576, 6.78918719291687, 6.771705389022827, 6.787437677383423, 6.798614025115967, 6.7966039180755615, 6.845269680023193, 6.8675854206085205, 6.814031600952148, 6.8113484382629395], "val_WER": [0.8303860780423281, 0.8303860780423281, 0.8303860780423281, 0.8303860780423281, 0.8303860780423281, 0.8303860780423281, 0.8303860780423281, 0.8303860780423281, 0.8303860780423281, 0.8303860780423281, 0.8303860780423281, 0.8303860780423281, 0.8303860780423281, 0.8303860780423281, 0.8303860780423281, 0.8303860780423281, 0.8303860780423281, 0.8303860780423281, 0.8303860780423281, 0.8303860780423281, 0.8303860780423281, 0.8303860780423281, 0.8303860780423281, 0.8303860780423281, 0.8303860780423281, 0.8303860780423281, 0.8303860780423281, 0.8303860780423281, 0.8303860780423281, 0.8241856812169313, 0.8281539351851852, 0.8241856812169313, 0.8241856812169313, 0.8281539351851852, 0.8178199404761906, 0.814926421957672, 0.814926421957672, 0.8195560515873017, 0.814926421957672, 0.814926421957672, 0.814926421957672, 0.814926421957672, 0.814926421957672, 0.814926421957672, 0.8131903108465608, 0.8105861441798942, 0.8195560515873017, 0.814926421957672, 0.8201347552910052, 0.8201347552910052, 0.8105861441798942, 0.8175305886243387, 0.8175305886243387, 0.8218708664021164, 0.8218708664021164, 0.8140583664021164, 0.8140583664021164, 0.8192666997354499, 0.8192666997354499, 0.8166625330687831, 0.8166625330687831, 0.8204241071428573, 0.8166625330687831, 0.8201347552910052, 0.8140583664021164, 0.8186879960317461, 0.8186879960317461, 0.8140583664021164, 0.8140583664021164, 0.8186879960317461, 0.8186879960317461, 0.8186879960317461, 0.8186879960317461, 0.8226562500000001, 0.8160838293650794, 0.8160838293650794, 0.8226562500000001, 0.8226562500000001, 0.8160838293650794, 0.8160838293650794, 0.8226562500000001, 0.8200520833333333, 0.8200520833333333, 0.8183159722222223, 0.8200520833333333, 0.8160838293650794, 0.8160838293650794, 0.8200520833333333, 0.8200520833333333, 0.8183159722222223, 0.8200520833333333, 0.8160838293650794, 0.8183159722222223, 0.8165798611111112, 0.8139756944444445, 0.8204861111111112, 0.8200520833333333, 0.8200520833333333, 0.8183159722222223, 0.8183159722222223]}, "1_mocha-2": {"train_loss": [7.6692047119140625, 7.432095527648926, 7.116888523101807, 6.819789886474609, 6.616666555404663, 6.460111856460571, 6.333959579467773, 6.262186527252197, 6.140611886978149, 6.050117492675781, 5.961611986160278, 5.868197917938232, 5.763301134109497, 5.713551044464111, 5.568046808242798, 5.461658239364624, 5.3759167194366455, 5.280529737472534, 5.166793346405029, 5.07872462272644, 5.012112140655518, 4.896845102310181, 4.8143651485443115, 4.673915386199951, 4.634336948394775, 4.510486841201782, 4.420912027359009, 4.356278657913208, 4.278619289398193, 4.162783980369568, 4.070512771606445, 3.9833472967147827, 3.9397083520889282, 3.8821862936019897, 3.8093409538269043, 3.6903862953186035, 3.651639223098755, 3.5543527603149414, 3.500915765762329, 3.441750645637512, 3.3637224435806274, 3.2925742864608765, 3.245284080505371, 3.1837942600250244, 3.1201058626174927, 3.0346736907958984, 3.0178732872009277, 2.9336923360824585, 2.903711438179016, 2.813750982284546, 2.790551543235779, 2.7197707891464233, 2.65274977684021, 2.623870611190796, 2.5798065662384033, 2.4967739582061768, 2.454216480255127, 2.4035398960113525, 2.3860303163528442, 2.3484009504318237, 2.290447950363159, 2.261855900287628, 2.2027459740638733, 2.143128275871277, 2.0994505286216736, 2.0890952348709106, 2.023316740989685, 1.9835395216941833, 1.931799829006195, 1.9351767897605896, 1.8500678539276123, 1.8357436060905457, 1.817128300666809, 1.7666884064674377, 1.7134658694267273, 1.6636712551116943, 1.670660138130188, 1.607219159603119, 1.5792880058288574, 1.5537911653518677, 1.5234562158584595, 1.4928725957870483, 1.4480799436569214, 1.4198490381240845, 1.3846948146820068, 1.3520162105560303, 1.3280396461486816, 1.3029224276542664, 1.263347715139389, 1.2537008821964264, 1.2206963002681732, 1.1823192834854126, 1.1607332229614258, 1.1199907660484314, 1.1095736920833588, 1.083948016166687, 1.0846514999866486, 1.0477241277694702, 1.0011594891548157, 1.0048349797725677],